<?xml version="1.0" encoding="utf-8" standalone="yes"?>
<Root>
  <DX9>
    <StructureAddress>154D3C0</StructureAddress>
    <ZoomCurrent>F4</ZoomCurrent>
    <ZoomMin>F8</ZoomMin>
    <ZoomMax>FC</ZoomMax>
    <FovCurrent>100</FovCurrent>
    <FovMax>108</FovMax>
  </DX9>
  <DX11>
    <StructureAddress>1D87370</StructureAddress>
    <ZoomCurrent>114</ZoomCurrent>
    <ZoomMin>118</ZoomMin>
    <ZoomMax>11C</ZoomMax>
    <FovCurrent>120</FovCurrent>
    <FovMax>128</FovMax>
  </DX11>
  <LastUpdate>2021-05-22 - patch 5.4 (DX11, DX9)</LastUpdate>
</Root>